,nommun,estado,eventos,inm_30km,distancia_metros,latitud,facility_count_57,facility_count_67,facility_count_77,facility_count_87,facility_count_97
0,"Tapachula, Chiapas",Chiapas,70665,2,15537,14.9042905,4,5,5,5,5
1,"Huimanguillo, Tabasco",Tabasco,86684,0,325527,17.7620967,1,1,1,1,1
2,"Centro, Tabasco",Tabasco,74160,1,224089,18.0271588,1,1,1,1,1
3,"Acayucan, Veracruz",Veracruz,36446,1,448302,17.9487862,2,2,2,2,2
4,"Tenosique, Tabasco",Tabasco,39620,1,42334,17.4707129,1,1,1,1,1
5,"Macuspana, Tabasco",Tabasco,31739,0,177427,17.760922,2,2,2,2,2
6,"Tijuana, Baja California",Baja California,27405,1,4085871,32.5317397,1,1,1,1,1
7,"Suchiate, Chiapas",Chiapas,28203,0,4909,14.6321744,2,3,3,3,3
8,"Piedras Negras, Coahuila",Coahuila,21530,1,2045841,28.7041725,1,1,1,1,1
9,"Huixtla, Chiapas",Chiapas,23755,3,75780,15.122125,3,3,3,3,3
10,"Arriaga, Chiapas",Chiapas,19741,0,273747,16.2344709,1,1,1,1,1
11,"Huehuetan, Chiapas",Chiapas,14693,4,43856,15.0217164,4,4,4,4,4
12,"Tuxtla Gutierrez, Chiapas",Chiapas,10266,1,206014,16.753801,2,2,2,2,2
13,"Cardenas, Tabasco",Tabasco,23150,0,269891,17.990878,1,1,1,1,1
14,"Santa Ana, Sonora",Sonora,12357,0,3039839,30.5410922,1,1,1,1,1
15,"Pijijiapan, Chiapas",Chiapas,11296,1,174442,15.6849991,1,1,1,1,1
16,"Teapa, Tabasco",Tabasco,9916,0,228943,17.5566526,3,3,3,3,3
17,"Hermosillo, Sonora",Sonora,9823,1,2867800,29.0948207,1,1,1,1,1
18,"Tacotalpa, Tabasco",Tabasco,9051,0,213887,17.5952197,3,3,3,3,3
19,"Palenque, Chiapas",Chiapas,7730,2,78219,17.509188,2,2,2,2,2
20,"Juarez, Chihuahua",Chihuahua,7964,1,2813804,31.7372575,1,1,1,1,1
21,"Jalapa, Tabasco",Tabasco,7564,0,197573,17.721716,4,4,4,4,4
22,"Emiliano Zapata, Tabasco",Tabasco,6555,0,88754,17.693626,1,1,1,1,1
23,"Reynosa, Tamaulipas",Tamaulipas,6339,0,1646218,26.0907673,1,1,1,1,1
24,"Iztapalapa, Ciudad de Mexico",Ciudad de Mexico,6091,1,972685,19.3591195,2,2,3,3,3
25,"Mexicali, Baja California",Baja California,5667,1,3888955,32.6405247,1,1,1,1,1
26,"Galeana, Nuevo Leon",Nuevo Leon,5394,0,1748364,24.8455906,1,1,1,1,1
27,"Jesus Carranza, Veracruz",Veracruz,5395,0,621054,17.38793115,1,1,1,1,1
28,"Puebla, Puebla",Puebla,5069,1,859778,19.03840623,1,1,2,2,2
29,"Tepotzotlan, Estado de Mexico",Estado de Mexico,4934,0,1035941,19.7173392,1,1,2,3,3
30,"Apodaca, Nuevo Leon",Nuevo Leon,4255,1,1662304,25.7816542,1,2,2,2,3
31,"Xaloztoc, Tlaxcala",Tlaxcala,2301,1,872666,19.403611,2,2,2,2,2
32,"San Luis Potosi, San Luis Potosi",San Luis Potosi,4067,1,1375500,22.15483424,1,1,1,1,1
33,"Agua Dulce, Veracruz",Veracruz,20,0,356415,18.0899541,1,1,1,1,1
34,"Nogales, Sonora",Sonora,4084,0,3148865,31.3285057,1,1,1,1,1
35,"Cosamaloapan de Carpio, Veracruz",Veracruz,3095,0,570409,18.28167395,1,1,1,1,1
36,"Union Juarez, Chiapas",Chiapas,2675,1,5,15.07074175,3,3,3,3,3
37,"Juchitan de Zaragoza, Oaxaca",Oaxaca,2625,1,432340,16.413329,1,1,1,1,1
38,"Ixtacuixtla de Mariano Matamoros, Tlaxcala",Tlaxcala,2544,1,907852,19.34670365,1,1,1,1,1
39,"Veracruz, Veracruz",Veracruz,2063,0,774711,19.333333,1,1,1,1,1
40,"Apaxco, Estado de Mexico",Estado de Mexico,2474,0,1016815,19.9807399,1,1,1,2,2
41,"Mina, Nuevo Leon",Nuevo Leon,2343,0,1707639,26.0025145,1,1,1,1,1
42,"General Bravo, Nuevo Leon",Nuevo Leon,2056,0,1684235,25.7932962,1,1,1,1,1
43,"Chihuahua, Chihuahua",Chihuahua,2040,1,2418040,28.5000001,1,1,1,1,1
44,"Benito Juarez, Quintana Roo",Quintana Roo,1909,0,372698,21.07668085,1,1,1,1,1
45,"Venustiano Carranza, Ciudad de Mexico",Ciudad de Mexico,1828,1,977282,19.4192787,2,2,3,3,3
46,"Villa Comaltitlan, Chiapas",Chiapas,1823,2,92603,15.1709732,3,3,3,3,3
47,"Campeche, Campeche",Campeche,430,1,,19.83028575,0,0,0,0,0
48,"Acuna, Coahuila",Coahuila,1672,0,2130333,29.3248796,1,1,1,1,1
49,"Balancan, Tabasco",Tabasco,1477,0,64560,17.79751665,1,1,1,1,1
50,"General Plutarco Elias Calles, Sonora",Sonora,1432,0,3293270,31.6949837,1,1,1,1,1
51,"Cuitlahuac, Veracruz",Veracruz,1447,0,667379,18.814226,1,1,1,1,2
52,"Guadalajara, Jalisco",Jalisco,1313,1,1719024,20.6720375,0,1,1,1,1
53,"San Juan del Rio, Queretaro",Queretaro,1303,0,1130114,20.3867547,0,1,1,1,1
54,"Oaxaca de Juarez, Oaxaca",Oaxaca,1217,1,704590,17.0604663,0,1,1,2,3
55,"Santa Maria Jalapa del Marques, Oaxaca",Oaxaca,1265,0,484711,16.4403557,0,1,1,1,1
56,"Escarcega, Campeche",Campeche,2524,1,,18.606934,1,1,1,1,1
57,"Ocozocoautla de Espinosa, Chiapas",Chiapas,1227,0,265926,16.7931431,0,1,1,2,2
58,"Monclova, Coahuila",Coahuila,1204,0,1851614,26.8999988,0,1,1,1,1
59,"General Escobedo, Nuevo Leon",Nuevo Leon,1204,1,1684447,25.808517,1,2,2,2,3
60,"Orizaba, Veracruz",Veracruz,1100,0,710275,18.8497366,0,1,1,1,2
61,"Gomez Palacio, Durango",Durango,849,1,1972177,25.5732473,0,0,0,2,2
62,"Huatabampo, Sonora",Sonora,1042,0,2544809,26.8248431,0,1,1,1,1
63,"Cajeme, Sonora",Sonora,1039,0,2642537,27.71198065,0,0,1,1,1
64,"Gustavo A. Madero, Ciudad de Mexico",Ciudad de Mexico,995,1,984915,19.4831686,3,3,4,4,4
65,"Azoyu, Guerrero",Guerrero,1023,0,970273,16.730833,0,0,1,1,1
66,"Zacatecas, Zacatecas",Zacatecas,982,1,858863,19.03901878,1,1,2,2,2
67,"Cruillas, Tamaulipas",Tamaulipas,1017,0,1492180,24.7554618,0,0,1,1,1
68,"Mazatlan, Sinaloa",Sinaloa,976,1,1989017,23.2035785,0,0,1,1,1
69,"Saltillo, Coahuila",Coahuila,925,1,1742942,25.4230425,0,0,1,1,1
70,"Merida, Yucatan",Yucatan,930,1,374364,20.9670759,0,0,1,1,1
71,"Queretaro, Queretaro",Queretaro,871,0,1180844,20.5927744,0,0,1,1,1
72,"Guaymas, Sonora",Sonora,863,0,2739835,27.9216441,0,0,0,1,1
73,"Altamira, Tamaulipas",Tamaulipas,873,1,1149502,22.3921625,0,0,1,1,2
74,"Torreon, Coahuila",Coahuila,824,1,1974757,25.542698,0,0,0,2,2
75,"Navojoa, Sonora",Sonora,834,0,2543410,27.0721872,0,0,0,1,1
76,"Frontera Comalapa, Chiapas",Chiapas,793,2,37111,15.6590135,0,0,0,1,1
77,"Tepeji del Rio de Ocampo, Hidalgo",Hidalgo,788,0,1047905,19.89368265,2,2,2,3,3
78,"Toluca, Estado de Mexico",Estado de Mexico,754,0,1040676,19.292545,0,0,0,1,1
79,"San Cristobal de las Casas, Chiapas",Chiapas,700,1,153172,16.6835469,0,0,0,0,1
80,"Santa Cruz Xoxocotlan, Oaxaca",Oaxaca,750,1,708226,17.026389,0,1,1,2,2
81,"San Pablo Huitzo, Oaxaca",Oaxaca,728,0,742189,17.2777969,0,1,1,1,2
82,"Jiquipilas, Chiapas",Chiapas,743,0,307476,16.57497565,0,1,1,2,3
83,"San Fernando, Tamaulipas",Tamaulipas,703,0,1492162,24.8466769,0,0,0,0,1
84,"Cordoba, Veracruz",Veracruz,609,0,687119,18.8944704,1,2,2,2,3
85,"Tuxtla Chico, Chiapas",Chiapas,19703,2,1835,14.8768619,4,5,5,5,5
86,"Tecate, Baja California",Baja California,738,0,4015439,32.5653831,0,0,0,1,1
87,"Tampico, Tamaulipas",Tamaulipas,47,1,1120911,22.2157619,0,0,1,1,2
88,"Jaumave, Tamaulipas",Tamaulipas,538,0,1421561,23.40496,0,0,0,0,1
89,"Monterrey, Nuevo Leon",Nuevo Leon,446,1,1660167,25.6802019,1,2,2,2,3
90,"Mezcalapa, Chiapas",Chiapas,439,0,388319,17.2364959,0,0,0,0,1
91,"Aguascalientes, Aguascalientes",Aguascalientes,44,1,1491359,22.0000001,0,0,0,0,0
92,"Caborca, Sonora",Sonora,413,0,3145678,30.7166014,0,0,0,0,0
93,"Chalco, Estado de Mexico",Estado de Mexico,411,1,952121,19.2612215,2,2,2,2,2
94,"Matamoros, Tamaulipas",Tamaulipas,374,1,1636595,25.8810158,0,0,0,0,0
95,"Catazaja, Chiapas",Chiapas,2052,1,134764,17.76826375,2,2,2,2,2
96,"San Marcos, Guerrero",Guerrero,379,0,1063625,16.85734375,0,0,0,0,0
97,"Durango, Durango",Durango,574,0,1874364,24.03507526,0,0,0,0,1
98,"Othon P. Blanco, Quintana Roo",Quintana Roo,347,0,37910,18.43704555,0,0,0,0,0
99,"Comalcalco, Tabasco",Tabasco,334,0,278177,18.2615076,0,0,0,0,0
100,"Tlacolula de Matamoros, Oaxaca",Oaxaca,351,0,683132,16.9314623,0,0,0,0,0
101,"Huehuetoca, Estado de Mexico",Estado de Mexico,349,0,1037604,19.833375,2,2,2,3,3
102,"La Paz, Baja California Sur",Baja California Sur,346,0,2636501,24.1619948,0,0,0,0,0
103,"Chenalho, Chiapas",Chiapas,,0,241559,16.9717161,0,0,0,0,0
104,"Apetatitlan de Antonio Carvajal, Tlaxcala",Tlaxcala,321,1,896718,19.3505173,3,3,3,3,3
105,"Comitan de Dominguez, Chiapas",Chiapas,178,2,60272,16.2911698,0,0,0,0,0
106,"Las Choapas, Veracruz",Veracruz,300,0,388786,17.56348585,0,0,0,0,0
107,"Coatzacoalcos, Veracruz",Veracruz,316,0,388224,18.1396787,1,1,1,1,1
108,"Allende, Coahuila",Coahuila,,0,2037885,28.3420816,0,0,0,0,0
109,"San Pedro Tapanatepec, Oaxaca",Oaxaca,283,1,317108,16.3689223,0,0,0,0,0
110,"Carmen, Campeche",Campeche,260,1,274885,18.651739,0,0,0,0,0
111,"Cotaxtla, Veracruz",Veracruz,144,0,652417,18.85765725,0,0,0,0,0
112,"Ixtenco, Tlaxcala",Tlaxcala,261,0,870042,19.2518725,2,2,2,2,2
113,"Tuxpan, Veracruz",Veracruz,218,0,967339,20.95647915,0,0,0,0,0
114,"Tonala, Chiapas",Chiapas,230,0,251033,16.0894476,1,1,1,1,1
115,"Guadalupe, Nuevo Leon",Nuevo Leon,223,1,1661086,25.6751114,1,2,2,2,3
116,"Santo Domingo Tehuantepec, Oaxaca",Oaxaca,222,0,464543,16.3172613,0,1,1,1,1
117,"Tepic, Nayarit",Nayarit,219,0,1717249,21.5119156,0,0,0,0,0
118,"Calakmul, Campeche",Campeche,211,0,,18.1073406,0,0,0,0,0
119,"Ecatepec de Morelos, Estado de Mexico",Estado de Mexico,185,0,1010826,19.6074415,3,3,4,4,4
120,"Ocosingo, Chiapas",Chiapas,70,0,175697,16.9057,0,0,0,0,0
121,"Juarez, Nuevo Leon",Nuevo Leon,180,1,1642261,25.6467011,1,1,1,1,2
122,"Solidaridad, Quintana Roo",Quintana Roo,166,0,,20.5843747,0,0,0,0,0
123,"La Trinitaria, Chiapas",Chiapas,17,2,45020,16.1206164,0,0,0,0,0
124,"Zinapecuaro, Michoacan",Michoacan,176,0,1216029,19.8563181,0,0,0,0,0
125,"Santa Maria Huatulco, Oaxaca",Oaxaca,163,1,635359,15.8337711,0,0,0,0,0
126,"Santa Catarina, Nuevo Leon",Nuevo Leon,167,1,1671669,25.6745052,0,1,1,1,2
127,"Berriozabal, Chiapas",Chiapas,141,0,243408,16.87168945,1,2,2,2,2
128,"La Antigua, Veracruz",Veracruz,160,1,716947,19.3176799,0,0,0,0,0
129,"Matias Romero Avendano, Oaxaca",Oaxaca,157,0,448196,16.8761133,0,0,0,0,0
130,"Zumpango, Estado de Mexico",Estado de Mexico,155,0,1018632,19.81293675,2,2,2,2,2
131,"Champoton, Campeche",Campeche,149,0,214597,19.3439655,0,0,0,0,0
132,"China, Nuevo Leon",Nuevo Leon,146,0,1634099,25.4915799,0,0,0,0,0
133,"Nuevo Laredo, Tamaulipas",Tamaulipas,143,1,1874895,27.4930466,0,0,0,0,0
134,"Morelia, Michoacan",Michoacan,136,0,1481231,19.7027116,0,0,0,0,0
135,"Apizaco, Tlaxcala",Tlaxcala,133,1,879904,19.415556,3,3,3,3,3
136,"Poza Rica de Hidalgo, Veracruz",Veracruz,129,0,926465,20.53765745,0,0,0,0,0
137,"Janos, Chihuahua",Chihuahua,116,1,2777768,30.8893267,0,0,0,0,0
138,"Camerino Z. Mendoza, Veracruz",Veracruz,126,0,725465,18.7896308,0,1,1,1,2
139,"Chiapa de Corzo, Chiapas",Chiapas,3578,1,200289,16.7075202,2,2,2,2,2
140,"Texcoco, Estado de Mexico",Estado de Mexico,153,0,974203,19.5144327,2,2,3,3,3
141,"Antiguo Morelos, Tamaulipas",Tamaulipas,122,0,1316568,22.56570125,0,0,0,0,0
142,"Salina Cruz, Oaxaca",Oaxaca,155,0,494431,16.1825,0,0,0,0,0
143,"Xalapa, Veracruz",Veracruz,103,0,795909,19.5408338,0,0,0,0,0
144,"San Miguel Tequixtepec, Oaxaca",Oaxaca,,0,826486,17.801944,0,0,0,0,0
145,"San Juan Bautista Tuxtepec, Oaxaca",Oaxaca,108,0,605361,18.0874632,1,1,1,1,1
146,"Tlajomulco de Zuniga, Jalisco",Jalisco,113,1,1734853,20.48187375,0,1,1,1,1
147,"San Andres Tuxtla, Veracruz",Veracruz,102,0,544504,18.4633672,0,0,0,0,0
148,"Yauhquemehcan, Tlaxcala",Tlaxcala,98,1,904133,19.4057444,2,2,2,2,2
149,"Cosio, Aguascalientes",Aguascalientes,98,0,1530445,22.3705155,0,0,0,0,0
150,"Trancoso, Zacatecas",Zacatecas,99,1,1549770,22.7353025,0,0,0,0,0
151,"Ojinaga, Chihuahua",Chihuahua,101,0,2531470,29.5654282,0,0,0,0,0
152,"Pesqueria, Nuevo Leon",Nuevo Leon,93,0,1671057,25.7851361,1,1,1,1,1
153,"Anahuac, Nuevo Leon",Nuevo Leon,86,0,1889336,27.0285283,0,0,0,0,0
154,"Atlangatepec, Tlaxcala",Tlaxcala,85,1,895388,19.530833,2,2,2,2,2
155,"Cadereyta Jimenez, Nuevo Leon",Nuevo Leon,83,0,1631859,25.517337,0,0,0,0,0
156,"Moloacan, Veracruz",Veracruz,4202,0,386529,17.9926405,1,1,1,1,1
157,"Angostura, Sinaloa",Sinaloa,79,0,2291946,25.3657471,0,0,0,0,0
158,"Tula de Allende, Hidalgo",Hidalgo,76,0,1044904,20.0489487,1,1,1,2,2
159,"Villa de Zaachila, Oaxaca",Oaxaca,78,1,708564,16.950833,0,1,1,2,2
160,"Tlalnepantla de Baz, Estado de Mexico",Estado de Mexico,75,1,994753,19.54649025,3,3,4,4,4
161,"Ozuluama de Mascarenas, Veracruz",Veracruz,74,0,1064733,21.661111,0,0,0,0,0
162,"Rio Blanco, Veracruz",Veracruz,50,0,714413,18.84522475,0,1,1,1,2
163,"Huamantla, Tlaxcala",Tlaxcala,1687,1,878276,19.313427,2,2,2,2,2
164,"San Luis Rio Colorado, Sonora",Sonora,67,0,3495743,32.4517957,0,0,0,0,0
165,"Yanga, Veracruz",Veracruz,62,0,672938,18.8313634,1,1,1,1,2
166,"Los Cabos, Baja California Sur",Baja California Sur,58,0,2817517,23.27184805,0,0,0,0,0
167,"San Luis de la Paz, Guanajuato",Guanajuato,65,0,1265816,21.2970466,0,0,0,0,0
168,"Alvarado, Veracruz",Veracruz,59,0,663954,18.82874235,0,0,0,0,0
169,"Rio Bravo, Tamaulipas",Tamaulipas,50,0,1650464,25.988981,1,1,1,1,1
170,"Carrillo Puerto, Veracruz",Veracruz,55,0,650751,18.8215893,1,1,1,1,1
171,"Fortin, Veracruz",Veracruz,54,0,692623,18.8993309,0,1,1,1,2
172,"Chahuites, Oaxaca",Oaxaca,54,1,311322,16.2885299,0,0,0,0,0
173,"Sayula de Aleman, Veracruz",Veracruz,9311,0,467723,17.74768255,2,2,2,2,2
174,"Soto la Marina, Tamaulipas",Tamaulipas,54,0,1386501,23.87599915,0,0,0,0,0
175,"San Nicolas de los Garza, Nuevo Leon",Nuevo Leon,50,1,1681722,25.7558021,1,2,2,2,3
176,"San Francisco Telixtlahuaca, Oaxaca",Oaxaca,49,0,741160,17.296628,0,0,0,0,1
177,"Tlaxco, Tlaxcala",Tlaxcala,48,0,900687,19.62058645,1,1,1,1,1
178,"Papantla, Veracruz",Veracruz,48,0,906809,20.4458721,0,0,0,0,0
179,"Cuapiaxtla, Tlaxcala",Tlaxcala,46,0,840785,19.2961777,1,1,1,1,1
180,"Heroica Ciudad de Huajuapan de Leon, Oaxaca",Oaxaca,46,0,873391,17.808846,0,0,0,0,0
181,"Centla, Tabasco",Tabasco,45,0,269539,18.3536762,0,0,0,0,0
182,"Hidalgo, Tamaulipas",Tamaulipas,47,0,1454986,24.2480354,0,0,0,0,0
183,"San Jacinto Amilpas, Oaxaca",Oaxaca,45,1,710092,17.1011376,0,1,1,2,3
184,"Pachuca de Soto, Hidalgo",Hidalgo,42,1,995635,20.1165413,0,0,0,0,0
185,"Santo Domingo Yanhuitlan, Oaxaca",Oaxaca,44,0,796665,17.5273478,0,0,0,0,0
186,"Irapuato, Guanajuato",Guanajuato,43,0,1283993,20.6758761,0,0,0,0,0
187,"Atlacomulco, Estado de Mexico",Estado de Mexico,51,0,1116302,19.81591915,0,0,0,0,0
188,"Calera, Zacatecas",Zacatecas,42,0,1634615,22.97848,0,0,0,0,0
189,"Cienega de Flores, Nuevo Leon",Nuevo Leon,41,0,1685478,25.956169,1,2,2,2,2
190,"Playas de Rosarito, Baja California",Baja California,38,1,4090519,32.25812915,0,0,0,0,0
191,"Villa de Tututepec, Oaxaca",Oaxaca,37,0,803746,16.1303062,0,0,0,0,0
192,"Santa Maria Mixtequilla, Oaxaca",Oaxaca,37,0,454851,16.374444,0,1,1,1,1
193,"San Bartolo Soyaltepec, Oaxaca",Oaxaca,36,0,798804,17.57706925,0,0,0,0,0
194,"San Pedro Pochutla, Oaxaca",Oaxaca,36,1,653283,15.744444,0,0,0,0,0
195,"Mapastepec, Chiapas",Chiapas,35,0,133622,15.43981,0,0,0,0,0
196,"San Pablo Etla, Oaxaca",Oaxaca,35,1,715592,17.1450449,0,1,1,2,3
197,"El Carmen, Nuevo Leon",Nuevo Leon,35,0,1690397,25.9368419,2,3,3,3,4
198,"General Zuazua, Nuevo Leon",Nuevo Leon,35,0,1686869,25.8953873,1,2,2,2,2
199,"Tepeapulco, Hidalgo",Hidalgo,35,0,954439,19.7875962,0,0,0,0,0
200,"Agua Prieta, Sonora",Sonora,35,1,2938631,31.3305591,0,0,0,0,0
201,"Hualahuises, Nuevo Leon",Nuevo Leon,34,0,1542629,24.8838044,0,0,0,0,0
202,"Tlaxcala, Tlaxcala",Tlaxcala,3,1,906098,19.416667,3,3,3,3,3
203,"Tzompantepec, Tlaxcala",Tlaxcala,33,1,874065,19.38326045,2,2,2,2,2
204,"Victoria, Tamaulipas",Tamaulipas,33,0,1366501,23.7389846,0,0,0,0,0
205,"Acapulco de Juarez, Guerrero",Guerrero,32,0,1454199,16.8680495,0,0,0,0,0
206,"San Andres Huaxpaltepec, Oaxaca",Oaxaca,31,0,845650,16.3411829,0,0,0,0,0
207,"Altar, Sonora",Sonora,,0,3113353,30.7170323,0,0,0,0,0
208,"Chilpancingo de los Bravo, Guerrero",Guerrero,30,0,1348757,17.5542149,0,0,0,0,0
209,"Comonfort, Guanajuato",Guanajuato,29,0,1239127,20.7199475,0,0,0,0,0
210,"Ensenada, Baja California",Baja California,26,0,4122087,31.8658887,0,0,0,0,0
211,"Medellin de Bravo, Veracruz",Veracruz,27,1,687357,19.0404677,0,0,0,0,0
212,"Calpulalpan, Tlaxcala",Tlaxcala,25,0,931725,19.587778,0,0,0,0,0
213,"Francisco I. Madero, Coahuila",Coahuila,,0,2001997,26.23755265,0,0,0,0,0
214,"Concepcion Buenavista, Oaxaca",Oaxaca,25,0,840651,17.8781515,0,0,0,0,0
215,"Isla Mujeres, Quintana Roo",Quintana Roo,24,0,395756,21.2371906,1,1,1,1,1
216,"Cozumel, Quintana Roo",Quintana Roo,24,0,341133,20.4320599,0,0,0,0,0
217,"Santiago, Nuevo Leon",Nuevo Leon,23,0,1626660,25.4243595,0,0,0,0,0
218,"Mapimi, Durango",Durango,23,0,2022573,25.8337403,0,0,0,0,0
219,"Mineral de la Reforma, Hidalgo",Hidalgo,22,1,989002,20.06063885,0,0,0,0,0
220,"Tenabo, Campeche",Campeche,21,0,,20.0406607,0,0,0,0,0
221,"Apaseo el Grande, Guanajuato",Guanajuato,22,0,1209772,20.59193265,0,0,1,1,1
222,"Nezahualcoyotl, Estado de Mexico",Estado de Mexico,22,1,969262,19.4079028,2,2,3,3,3
223,"Naranjos Amatlan, Veracruz",Veracruz,21,0,1017942,21.3093326,0,0,0,0,0
224,"Cuernavaca, Morelos",Morelos,19,0,1225450,18.9218274,0,0,0,0,0
225,"Jesus Maria, Aguascalientes",Aguascalientes,399,1,1483041,21.9345555,0,0,0,0,0
226,"San Pedro Totolapam, Oaxaca",Oaxaca,20,0,723062,15.8659835,0,0,0,0,0
227,"Linares, Nuevo Leon",Nuevo Leon,19,0,1529703,24.8596282,0,0,0,0,0
228,"Escuintla, Chiapas",Chiapas,19,2,114031,15.35100255,2,2,2,2,2
229,"Tulancingo de Bravo, Hidalgo",Hidalgo,19,0,1009325,20.0792094,0,0,0,0,0
230,"Chapulhuacan, Hidalgo",Hidalgo,18,0,1230375,21.1263192,0,0,0,0,0
231,"San Francisco de los Romo, Aguascalientes",Aguascalientes,18,1,1495362,22.0746282,0,0,0,0,0
232,"Salinas Victoria, Nuevo Leon",Nuevo Leon,18,0,1709835,26.1216805,1,1,1,1,1
233,"Angel R. Cabada, Veracruz",Veracruz,21,0,583334,18.5927238,0,0,0,0,0
234,"Cosoleacaque, Veracruz",Veracruz,20,0,406218,18.0060183,0,0,0,0,0
235,"Garcia, Nuevo Leon",Nuevo Leon,17,1,1666210,25.6651753,1,2,2,2,3
236,"Amatlan de los Reyes, Veracruz",Veracruz,17,0,680045,18.87251165,1,2,2,2,3
237,"Nativitas, Tlaxcala",Tlaxcala,17,2,878090,19.233333,2,2,3,3,3
238,"Chiautempan, Tlaxcala",Tlaxcala,16,2,892775,19.313889,3,3,3,3,3
239,"Miguel Aleman, Tamaulipas",Tamaulipas,16,1,1743928,26.3995446,0,0,0,0,0
240,"El Marques, Queretaro",Queretaro,,0,1187780,20.73507785,0,0,1,1,1
241,"Martinez de la Torre, Veracruz",Veracruz,15,0,861151,20.1197165,0,0,0,0,0
242,"Frontera Hidalgo, Chiapas",Chiapas,1356,1,1190,14.7531678,3,4,4,4,4
243,"Palizada, Campeche",Campeche,21,0,155838,18.2549484,0,0,0,0,0
244,"San Miguel de Allende, Guanajuato",Guanajuato,16,0,1233678,20.9142238,0,0,0,0,0
245,"Isla, Veracruz",Veracruz,15,0,528250,18.0276212,0,0,0,0,0
246,"Aldama, Tamaulipas",Tamaulipas,14,0,1221491,22.9196081,0,0,0,0,0
247,"Zihuatanejo de Azueta, Guerrero",Guerrero,14,1,1717296,17.80789995,0,0,0,0,0
248,"Santiago Niltepec, Oaxaca",Oaxaca,14,0,371122,16.5614134,0,0,0,0,0
249,"Villa de Tezontepec, Hidalgo",Hidalgo,17,1,1000362,19.9143587,0,0,0,0,0
250,"Hueyotlipan, Tlaxcala",Tlaxcala,14,1,930226,19.469444,1,1,1,1,1
251,"Tizayuca, Hidalgo",Hidalgo,15,0,1000096,19.841245,1,1,1,1,1
252,"Tierra Blanca, Veracruz",Veracruz,13,0,599687,18.5272475,0,0,0,0,0
253,"Miahuatlan de Porfirio Diaz, Oaxaca",Oaxaca,12,0,752634,16.3610815,0,0,0,0,0
254,"Asuncion Nochixtlan, Oaxaca",Oaxaca,13,0,784964,17.457222,0,0,0,0,0
255,"Sanctorum de Lazaro Cardenas, Tlaxcala",Tlaxcala,13,0,919544,19.4925,1,1,1,1,1
256,"Tulum, Quintana Roo",Quintana Roo,13,0,253452,20.1692965,0,0,0,0,0
257,"Paras, Nuevo Leon",Nuevo Leon,13,0,1784199,26.4993853,0,0,0,0,0
258,"Ixtapaluca, Estado de Mexico",Estado de Mexico,11,1,949143,19.3129326,2,2,2,2,2
259,"Doctor Arroyo, Nuevo Leon",Nuevo Leon,11,0,1604117,23.80420455,0,0,0,0,0
260,"Culiacan, Sinaloa",Sinaloa,11,0,2194672,24.7978965,0,0,0,0,0
261,"El Espinal, Oaxaca",Oaxaca,10,1,427981,16.4609135,1,1,1,1,1
262,"Santa Maria Coyotepec, Oaxaca",Oaxaca,9,1,706752,16.9716988,0,1,1,2,2
263,"Minatitlan, Veracruz",Veracruz,10,0,403180,17.992773,0,0,0,0,0
264,"Ciudad Ixtepec, Oaxaca",Oaxaca,10,1,434934,16.5564139,1,1,1,1,1
265,"Santa Cruz Quilehtla, Tlaxcala",Tlaxcala,9,2,872375,19.212222,3,3,4,4,4
266,"Salto de Agua, Chiapas",Chiapas,9,1,111398,17.4348976,1,1,1,1,1
267,"Bacalar, Quintana Roo",Quintana Roo,9,2,32916,18.6782559,0,0,0,0,0
268,"Gutierrez Zamora, Veracruz",Veracruz,9,0,885859,20.456991,0,0,0,0,0
269,"Manzanillo, Colima",Colima,10,0,1999809,19.0506256,0,0,0,0,0
270,"Gonzalez, Tamaulipas",Tamaulipas,8,0,1247820,22.79038735,0,0,0,0,0
271,"Motozintla, Chiapas",Chiapas,8,2,35928,15.3050827,1,1,1,1,1
272,"Seybaplaya, Campeche",Campeche,13,0,279187,19.60337225,0,0,0,0,0
273,"Celaya, Guanajuato",Guanajuato,8,0,1221119,20.521788,0,0,0,0,0
274,"Zacatelco, Tlaxcala",Tlaxcala,8,2,871546,19.215833,3,3,4,4,4
275,"Puente de Ixtla, Morelos",Morelos,8,0,1229625,18.6171111,0,0,0,0,0
276,"Panuco, Veracruz",Veracruz,8,0,1170507,22.08052495,0,0,0,0,0
277,"Juan Rodriguez Clara, Veracruz",Veracruz,8,0,492370,17.97320895,0,0,0,0,0
278,"Villa Corzo, Chiapas",Chiapas,380,0,352251,16.0631888,0,0,0,0,0
279,"Tihuatlan, Veracruz",Veracruz,35,0,945230,20.716735,0,0,0,0,0
280,"Imuris, Sonora",Sonora,7,0,3082770,30.7874899,0,0,0,0,0
281,"Copainala, Chiapas",Chiapas,7,0,350838,17.0930214,0,0,0,0,0
282,"Los Ramones, Nuevo Leon",Nuevo Leon,7,0,1656797,25.6973768,0,0,0,0,0
283,"Coyoacan, Ciudad de Mexico",Ciudad de Mexico,1,1,986724,19.349885,2,2,3,3,3
284,"Temixco, Morelos",Morelos,7,0,1249064,18.8449428,0,0,0,0,0
285,"Tocatlan, Tlaxcala",Tlaxcala,8,1,869712,19.389167,2,2,2,2,2
286,"Texistepec, Veracruz",Veracruz,7,1,437679,17.894167,2,2,2,2,2
287,"San Dionisio Ocotepec, Oaxaca",Oaxaca,7,0,649690,16.7975187,0,0,0,0,0
288,"Santiago Pinotepa Nacional, Oaxaca",Oaxaca,7,0,861180,16.3406076,0,0,0,0,0
289,"Santa Lucia del Camino, Oaxaca",Oaxaca,6,1,700156,17.0625,0,1,1,2,2
290,"Ocampo, Guanajuato",Guanajuato,6,0,1388287,21.6042823,0,0,0,0,0
291,"Nogales, Veracruz",Veracruz,6,0,715755,18.8226013,0,1,1,1,2
292,"El Mante, Tamaulipas",Tamaulipas,6,0,1294533,22.60787365,0,0,0,0,0
293,"San Jose Tenango, Oaxaca",Oaxaca,115,0,791435,18.15,0,0,0,0,0
294,"Dolores Hidalgo Cuna de la Independencia Nacional, Guanajuato",Guanajuato,,0,1263030,21.1043597,0,0,0,0,0
295,"Tezonapa, Veracruz",Veracruz,6,0,693419,18.5587309,1,1,1,1,1
296,"Guerrero, Coahuila",Coahuila,,0,1996980,28.3093253,0,0,0,0,0
297,"Colima, Colima",Colima,6,0,1905670,19.24487816,0,0,0,0,0
298,"Salamanca, Guanajuato",Guanajuato,6,0,1266055,20.571358,0,0,0,0,0
299,"Valladolid, Yucatan",Yucatan,5,0,301516,20.6902505,0,0,0,0,0
300,"Villaflores, Chiapas",Chiapas,2,0,279966,16.37550225,0,0,0,0,0
301,"San Bartolo Coyotepec, Oaxaca",Oaxaca,5,1,704897,16.9575983,0,1,1,2,2
302,"Cedral, San Luis Potosi",San Luis Potosi,5,0,1580964,23.8205361,0,0,0,0,0
303,"San Jeronimo Zacualpan, Tlaxcala",Tlaxcala,4,2,880578,19.240833,3,3,4,4,4
304,"Apan, Hidalgo",Hidalgo,5,0,946108,19.7098559,0,0,0,0,0
305,"Ahome, Sinaloa",Sinaloa,3,0,2419440,25.9240491,0,0,0,0,0
306,"Aramberri, Nuevo Leon",Nuevo Leon,4,0,1610328,24.22172555,0,0,0,0,0
307,"Emiliano Zapata, Morelos",Morelos,4,0,1250138,18.83995,0,0,0,0,0
308,"Santa Maria Atzompa, Oaxaca",Oaxaca,4,1,712776,17.1011053,0,1,1,2,3
309,"San Felipe, Baja California",Baja California,5,0,3674555,31.0269529,0,0,0,0,0
310,"San Cristobal Suchixtlahuaca, Oaxaca",Oaxaca,4,0,820446,17.7265261,0,0,0,0,0
311,"Tolcayuca, Hidalgo",Hidalgo,,1,990540,19.956667,1,1,1,1,1
312,"Nava, Coahuila",Coahuila,,0,2050991,28.4217309,0,0,0,0,0
313,"Progreso, Yucatan",Yucatan,3,0,409524,21.2822136,0,0,0,0,0
314,"Villa Aldama, Veracruz",Veracruz,3,0,841263,19.6489805,0,0,0,0,0
315,"Yajalon, Chiapas",Chiapas,,0,191112,17.1768885,0,0,0,0,0
316,"San Sebastian Tutla, Oaxaca",Oaxaca,3,1,697961,17.059722,0,1,1,2,2
317,"Jantetelco, Morelos",Morelos,3,0,1149034,18.7167516,0,0,0,0,0
318,"Soledad de Doblado, Veracruz",Veracruz,3,0,675578,19.0452067,0,0,0,0,0
319,"Cintalapa de Figueroa, Chiapas",Chiapas,520,0,304306,16.6905402,0,0,0,1,2
320,"Pueblo Viejo, Veracruz",Veracruz,484,1,1122193,22.1638426,0,0,1,1,2
321,"San Pedro Mixtepec -Dto. 22 -, Oaxaca",Oaxaca,3,0,685010,16.271111,0,0,0,0,0
322,"Nanacamilpa de Mariano Arista, Tlaxcala",Tlaxcala,2,0,927275,19.5080315,1,1,1,1,1
323,"Tecamac, Estado de Mexico",Estado de Mexico,2,0,1014762,19.7115011,1,1,2,2,2
324,"Xalatlaco, Estado de Mexico",Estado de Mexico,2,0,1233463,19.1843821,0,0,0,1,1
325,"Ocoyoacac, Estado de Mexico",Estado de Mexico,3,0,1020043,19.2587373,0,0,0,1,1
326,"Cuautitlan, Estado de Mexico",Estado de Mexico,3,0,1029069,19.6531356,2,2,3,3,3
327,"Tres Valles, Veracruz",Veracruz,2,0,612594,18.2921576,1,1,1,1,1
328,"San Agustin de las Juntas, Oaxaca",Oaxaca,2,1,708996,17.005436,0,1,1,2,2
329,"Villa de Tamazulapam del Progreso, Oaxaca",Oaxaca,2,0,832925,17.6748203,0,0,0,0,0
330,"Cunduacan, Tabasco",Tabasco,,1,254588,18.066059,1,1,1,1,1
331,"Actopan, Hidalgo",Hidalgo,2,1,1028675,20.2687373,0,0,0,0,0
332,"Paraiso, Tabasco",Tabasco,4,0,295475,18.3987331,0,0,0,0,0
333,"Tetla de la Solidaridad, Tlaxcala",Tlaxcala,2,1,880769,19.440556,2,2,2,2,2
334,"Xochitepec, Morelos",Morelos,3,0,1245664,18.7831747,0,0,0,0,0
335,"Munoz de Domingo Arenas, Tlaxcala",Tlaxcala,2,1,913950,19.474722,2,2,2,2,2
336,"Tecolutla, Veracruz",Veracruz,2,0,874434,20.41847865,0,0,0,0,0
337,"Atitalaquia, Hidalgo",Hidalgo,2,0,1026748,20.0597395,1,1,1,2,2
338,"Papalotla de Xicohtencatl, Tlaxcala",Tlaxcala,2,2,867385,19.168611,2,2,3,3,3
339,"Leon, Guanajuato",Guanajuato,3,0,1342210,21.1218598,0,0,0,0,0
340,"San Lorenzo Cacaotepec, Oaxaca",Oaxaca,2,1,716981,17.1278714,0,1,1,2,3
341,"Bahia de Banderas, Nayarit",Nayarit,2,0,2006370,20.8290434,0,0,0,0,0
342,"Perote, Veracruz",Veracruz,2,0,859696,19.51086405,0,0,0,0,0
343,"San Pablo del Monte, Tlaxcala",Tlaxcala,2,2,859174,19.12695185,1,1,2,2,2
344,"Acacoyagua, Chiapas",Chiapas,2,0,118846,15.4060577,1,1,1,1,1
345,"Ixtaczoquitlan, Veracruz",Veracruz,2,0,703359,18.85134015,0,1,1,1,2
346,"Villa Tejupam de la Union, Oaxaca",Oaxaca,2,0,822226,17.6625,0,0,0,0,0
347,"Villa de Etla, Oaxaca",Oaxaca,2,1,722218,17.2057678,0,1,1,2,3
348,"Villa de Alvarez, Colima",Colima,2,0,1907267,19.2651417,0,0,0,0,0
349,"Ixmiquilpan, Hidalgo",Hidalgo,1,0,1068213,20.481944,0,0,0,0,0
350,"Santa Maria Tonameca, Oaxaca",Oaxaca,1,1,660595,15.745833,0,0,0,0,0
351,"Tepoztlan, Morelos",Morelos,1,0,1203122,18.9914959,0,0,0,0,0
352,"Siltepec, Chiapas",Chiapas,1,0,54276,15.5561492,0,0,0,1,1
353,"Calkini, Campeche",Campeche,1,0,395892,20.3695121,0,0,0,0,0
354,"Acambay de Ruiz Castaneda, Estado de Mexico",Estado de Mexico,1,0,1104961,19.95904705,0,0,0,0,0
355,"Alfajayucan, Hidalgo",Hidalgo,1,0,1095674,20.410277,0,0,0,0,0
356,"Teopisca, Chiapas",Chiapas,1,0,112564,16.5420839,0,0,0,0,1
357,"San Pedro Ixtlahuaca, Oaxaca",Oaxaca,1,1,715049,17.063056,0,1,1,2,3
358,"Naucalpan de Juarez, Estado de Mexico",Estado de Mexico,1,1,994871,19.4788356,3,3,4,4,4
359,"Amecameca, Estado de Mexico",Estado de Mexico,,0,982511,19.1200254,0,0,0,0,0
360,"Trinidad Zaachila, Oaxaca",Oaxaca,1,1,712433,16.921389,0,1,1,2,2
361,"Santa Maria del Tule, Oaxaca",Oaxaca,1,1,692829,17.0476822,0,1,1,2,2
362,"San Antonio de la Cal, Oaxaca",Oaxaca,1,1,705904,17.028333,0,1,1,2,2
363,"Guasave, Sinaloa",Sinaloa,1,0,2328247,25.5738,0,0,0,0,0
364,"Montemorelos, Nuevo Leon",Nuevo Leon,1,0,1581287,25.1886604,0,0,0,0,0
365,"Zapotlan el Grande, Jalisco",Jalisco,1,0,1840190,19.6973465,0,0,0,0,0
366,"Buenavista, Michoacan",Michoacan,1,0,1694373,19.21451245,0,0,0,0,0
367,"Apatzingan, Michoacan",Michoacan,1,0,1662158,19.0913792,0,0,0,0,0
368,"Lazaro Cardenas, Michoacan",Michoacan,1,0,1789505,17.9594769,0,0,0,0,0
369,"Apaseo el Alto, Guanajuato",Guanajuato,1,0,1201046,20.4562767,0,0,1,1,1
370,"El Salto, Jalisco",Jalisco,1,1,1706496,20.5196964,0,1,1,1,1
371,"San Pedro Garza Garcia, Nuevo Leon",Nuevo Leon,1,1,1666210,25.6651753,1,2,2,2,3
372,"Jerez, Zacatecas",Zacatecas,3,0,1642935,22.7105933,0,0,0,0,0
373,"Cuitzeo, Michoacan",Michoacan,1,0,1259101,19.9693141,0,0,0,0,0
374,"Uruapan, Michoacan",Michoacan,1,0,1583068,19.4147269,0,0,0,0,0
375,"Coatepec, Veracruz",Veracruz,1,0,803922,19.4543134,0,0,0,0,0
376,"Alamo Temapache, Veracruz",Veracruz,3,0,991527,20.9951932,0,0,0,0,0
377,"San Juan Evangelista, Veracruz",Veracruz,1,0,495918,17.76252635,0,0,0,0,0
378,"Emiliano Zapata, Hidalgo",Hidalgo,1,0,935615,19.6546865,0,0,0,0,0
379,"Pantepec, Chiapas",Chiapas,,0,300650,17.1944142,0,0,0,0,0
380,"Epazoyucan, Hidalgo",Hidalgo,1,1,991386,20.0181268,0,0,0,0,0
381,"Huasca de Ocampo, Hidalgo",Hidalgo,1,1,1031654,20.2231549,0,0,0,0,0
382,"Jimenez, Tamaulipas",Tamaulipas,1,0,1469584,24.2169169,0,0,0,0,0
383,"Santiago Juxtlahuaca, Oaxaca",Oaxaca,1,0,972218,17.334443,0,0,0,0,0
384,"San Juan Huactzinco, Tlaxcala",Tlaxcala,1,2,879483,19.2329326,3,3,4,4,4
385,"Amaxac de Guerrero, Tlaxcala",Tlaxcala,1,1,898212,19.348889,3,3,3,3,3
386,"Chicomuselo, Chiapas",Chiapas,,0,85686,15.7935524,0,0,0,0,0
387,"Carlos A. Carrillo, Veracruz",Veracruz,1,0,544400,18.32836115,1,1,1,1,1
388,"Puerto Penasco, Sonora",Sonora,1,0,3274463,31.3170867,0,0,0,0,0
